{
  "analysis_summary": {
    "total_cases": 5000,
    "large_residuals_100": 2860,
    "large_residuals_200": 1365,
    "large_residuals_500": 140,
    "max_positive_residual": 896.0300000000002,
    "max_negative_residual": -1268.05,
    "residual_std": 212.09918550044438,
    "current_r2": 0.8352643825415258,
    "target_r2": 0.95,
    "improvement_needed": 0.11473561745847416
  },
  "systematic_patterns": {
    "days_patterns": {
      "1": -14.62707571801566,
      "2": 28.88690666666667,
      "3": 4.4652567237163785,
      "4": -10.462052980132448,
      "5": -3.5684301075268796,
      "6": -36.50565714285714,
      "7": 94.53112,
      "8": -19.046282051282045,
      "9": 2.8967631578947355,
      "10": 7.705723076923073,
      "11": 33.97996666666666,
      "12": 0.12056782334384866,
      "13": 47.75254437869822,
      "14": 29.693127147766326
    },
    "efficiency_patterns": {
      "0-25": 95.84644285714285,
      "25-50": 9.067419768934533,
      "50-75": 15.308069053708437,
      "75-100": 7.52228441754917,
      "100-150": 4.960849753694581,
      "150-200": -47.79861356932153,
      "200-300": -27.25445086705202,
      "300-500": -14.658571428571435,
      "500+": -34.01011904761904
    }
  },
  "missing_patterns": {},
  "precision_opportunities": {}
}